<?xml version="1.0" encoding="UTF-8"?>
<project-private xmlns="http://www.netbeans.org/ns/project-private/1">
    <editor-bookmarks xmlns="http://www.netbeans.org/ns/editor-bookmarks/2" lastBookmarkId="0"/>
    <open-files xmlns="http://www.netbeans.org/ns/projectui-open-files/2">
        <group>
            <file>file:/C:/Users/LabP41014/Downloads/Laboratorio4-2B%20(1)/src/Archivos/ManejoArchivos.java</file>
            <file>file:/C:/Users/LabP41014/Downloads/Laboratorio4-2B%20(1)/src/Negocio/EmpleadoBaseMasComisiones.java</file>
            <file>file:/C:/Users/LabP41014/Downloads/Laboratorio4-2B%20(1)/src/Negocio/EmpleadoPorComision.java</file>
            <file>file:/C:/Users/LabP41014/Downloads/Laboratorio4-2B%20(1)/src/Visual/jFEmpleado.java</file>
            <file>file:/C:/Users/LabP41014/Downloads/Laboratorio4-2B%20(1)/src/Negocio/Principal.java</file>
        </group>
    </open-files>
</project-private>
