<?xml version="1.0" encoding="UTF-8"?>
<project-private xmlns="http://www.netbeans.org/ns/project-private/1">
    <editor-bookmarks xmlns="http://www.netbeans.org/ns/editor-bookmarks/2" lastBookmarkId="0"/>
    <open-files xmlns="http://www.netbeans.org/ns/projectui-open-files/2">
        <group>
            <file>file:/C:/Users/Home/OneDrive/2022-B/WORKSPACE/2BIMESTRE/Laboratorio2-2B/src/Negocio/ListaFiguras.java</file>
            <file>file:/C:/Users/Home/OneDrive/2022-B/WORKSPACE/2BIMESTRE/Laboratorio2-2B/src/Visual/JFFiguras.java</file>
            <file>file:/C:/Users/Home/OneDrive/2022-B/WORKSPACE/2BIMESTRE/Laboratorio2-2B/src/Negocio/Principal.java</file>
        </group>
    </open-files>
</project-private>
