<?xml version="1.0" encoding="UTF-8"?>
<project-private xmlns="http://www.netbeans.org/ns/project-private/1">
    <editor-bookmarks xmlns="http://www.netbeans.org/ns/editor-bookmarks/2" lastBookmarkId="0"/>
    <open-files xmlns="http://www.netbeans.org/ns/projectui-open-files/2">
        <group>
            <file>file:/C:/Users/LabP41021/Documents/NetBeansProjects/Trabajo%206/src/Negocio/ListaMatriculas.java</file>
            <file>file:/C:/Users/LabP41021/Documents/NetBeansProjects/Trabajo%206/src/Vista/jFMatriculas.java</file>
            <file>file:/C:/Users/LabP41021/Documents/NetBeansProjects/Trabajo%206/src/Negocio/Persona.java</file>
            <file>file:/C:/Users/LabP41021/Documents/NetBeansProjects/Trabajo%206/src/Negocio/Fecha.java</file>
            <file>file:/C:/Users/LabP41021/Documents/NetBeansProjects/Trabajo%206/src/Negocio/Vehiculo.java</file>
            <file>file:/C:/Users/LabP41021/Documents/NetBeansProjects/Trabajo%206/src/Negocio/Matricula.java</file>
        </group>
    </open-files>
</project-private>
